{
  "HTTP Request-1" : {
    "transaction" : "HTTP Request-1",
    "sampleCount" : 150,
    "errorCount" : 0,
    "errorPct" : 0.0,
    "meanResTime" : 579.6266666666667,
    "medianResTime" : 382.5,
    "minResTime" : 328.0,
    "maxResTime" : 2836.0,
    "pct1ResTime" : 717.9,
    "pct2ResTime" : 1573.2999999999965,
    "pct3ResTime" : 2819.6800000000003,
    "throughput" : 2.288364429663305,
    "receivedKBytesPerSec" : 29.972210674457273,
    "sentKBytesPerSec" : 0.26146351393613937
  },
  "Total" : {
    "transaction" : "Total",
    "sampleCount" : 450,
    "errorCount" : 0,
    "errorPct" : 0.0,
    "meanResTime" : 648.1888888888896,
    "medianResTime" : 454.0,
    "minResTime" : 318.0,
    "maxResTime" : 3813.0,
    "pct1ResTime" : 1028.9,
    "pct2ResTime" : 1183.6999999999994,
    "pct3ResTime" : 3115.940000000001,
    "throughput" : 6.76427261521811,
    "receivedKBytesPerSec" : 61.494988801370894,
    "sentKBytesPerSec" : 1.030494656224634
  },
  "HTTP Request-0" : {
    "transaction" : "HTTP Request-0",
    "sampleCount" : 150,
    "errorCount" : 0,
    "errorPct" : 0.0,
    "meanResTime" : 392.33333333333303,
    "medianResTime" : 353.0,
    "minResTime" : 318.0,
    "maxResTime" : 2007.0,
    "pct1ResTime" : 434.9000000000001,
    "pct2ResTime" : 691.1499999999999,
    "pct3ResTime" : 1478.6400000000094,
    "throughput" : 2.2669568371418207,
    "receivedKBytesPerSec" : 1.2220314200217626,
    "sentKBytesPerSec" : 0.25901752924374316
  },
  "HTTP Request" : {
    "transaction" : "HTTP Request",
    "sampleCount" : 150,
    "errorCount" : 0,
    "errorPct" : 0.0,
    "meanResTime" : 972.6066666666661,
    "medianResTime" : 759.5,
    "minResTime" : 660.0,
    "maxResTime" : 3813.0,
    "pct1ResTime" : 1086.6,
    "pct2ResTime" : 2085.9999999999927,
    "pct3ResTime" : 3808.92,
    "throughput" : 2.2547575384060368,
    "receivedKBytesPerSec" : 30.747494400685447,
    "sentKBytesPerSec" : 0.515247328112317
  }
}